ID,died?,chamber,set_number,test_date,time_start,time_end,next_day?,population,flew,flight_type,mass,eggs,NOTES,trial_type435,,A-2,1,02.17.2020,8:15:00,11:35:00,,North Key Largo,Y,C,0.034,N,,T1143,,A-3,1,02.17.2020,8:15:00,08:45:00,,North Key Largo,N,,0.032,N,,T1338,,A-4,1,02.17.2020,8:15:00,09:15:00,,North Key Largo,Y,C,0.038,N,,T1267,,B-2,1,02.17.2020,8:15:00,19:56:05,Y,Lake Placid,Y,C,0.04,N,,T1202,,B-3,1,02.17.2020,8:15:00,11:26:00,,Plantation Key,Y,C,0.037,N,,T1374,,B-4,1,02.17.2020,8:15:00,08:45:00,,Lake Placid,N,,0.078,Y,,T1275,,A-3,1,02.17.2020,8:45:00,17:10:00,,Lake Wales,Y,C,0.03,N,,T163,,B-1,1,02.17.2020,8:45:00,09:15:00,,Lake Wales,Y,C,0.069,N,,T1252,,B-4,1,02.17.2020,8:45:00,09:15:00,,Homestead,Y,B,0.038,N,,T1242,,A-4,1,02.17.2020,9:15:00,09:55:00,,North Key Largo,Y,C,0.033,N,,T1239,,B-4,1,02.17.2020,9:15:00,09:50:00,,North Key Largo,N,,0.033,N,,T162,,B-1,1,02.17.2020,9:18:00,21:26:24,Y,Lake Wales,Y,C,0.033,N,SENSOR: sensor readings very small drops ,T121,,B-4,1,02.17.2020,9:55:00,10:27:00,,North Key Largo,Y,B,0.034,N,,T1213,,A-4,1,02.17.2020,9:55:00,10:27:00,,Key Largo,N,,0.044,N,,T174,,A-4,1,02.17.2020,10:28:00,11:01:00,,Leesburg,Y,B,0.033,N,,T1381,,B-4,1,02.17.2020,10:29:00,11:01:00,,Gainesville,N,,0.033,N,,T1138,,A-4,1,02.17.2020,11:02:00,11:35:00,,North Key Largo,N,,0.048,N,,T1354,,B-4,1,02.17.2020,11:04:00,12:12:00,,North Key Largo,Y,C,0.027,N,,T1427,,A-2,1,02.17.2020,11:37:00,13:02:00,,North Key Largo,Y,C,0.024,N,,T1153,,A-4,1,02.17.2020,11:39:00,12:11:00,,Homestead,N,,0.028,N,,T1203,,B-3,1,02.17.2020,11:40:00,12:27:00,,Plantation Key,Y,BC,0.044,N,DATA COL: blew on it by accident at 12:27; taken down at 12:41,T1179,,A-4,1,02.17.2020,12:13:00,12:45:00,,Lake Wales,N,,0.053,N,,T123,,B-4,1,02.17.2020,12:14:00,12:45:00,,North Key Largo,N,,0.034,N,,T192,,A-4,1,02.17.2020,12:48:00,13:22:00,,North Key Largo,Y,B,0.084,N,,T1223,,B-3,1,02.17.2020,12:49:00,17:15:00,,North Key Largo,Y,C,0.031,N,,T1189,,B-4,1,02.17.2020,12:50:00,13:22:00,,Leesburg,Y,B,0.041,N,,T1426,,A-2,1,02.17.2020,13:23:00,13:59:00,,North Key Largo,Y,B,0.043,N,,T1208,,A-4,1,02.17.2020,13:25:00,13:59:00,,Plantation Key,Y,B,0.04,N,,T1268,,B-4,1,02.17.2020,13:27:00,18:43:18,Y,Lake Placid,Y,C,0.033,N,,T1423,,A-2,1,02.17.2020,14:00:00,14:31:00,,North Key Largo,Y,B,0.026,N,,T1133,,A-4,1,02.17.2020,14:00:00,14:31:00,,North Key Largo,Y,B,0.08,Y,,T1114,,A-2,1,02.17.2020,14:31:00,15:06:00,,Key Largo,Y,B,0.043,N,,T1199,,A-4,1,02.17.2020,14:32:00,15:06:00,,Gainesville,N,,0.045,Y,,T137,,A-2,1,02.17.2020,15:07:00,15:38:00,,North Key Largo,N,,0.066,N,,T1356,,A-4,1,02.17.2020,15:08:00,15:38:00,,North Key Largo,Y,B,0.038,N,,T1318,,A-2,1,02.17.2020,15:39:00,17:34:00,,Key Largo,Y,C,0.039,N,,T136,,A-4,1,02.17.2020,15:40:00,16:11:00,,North Key Largo,Y,B,0.051,N,,T1144,,A-2,2,02.18.2020,8:03:00,15:56:47,Y,North Key Largo,Y,C,0.033,N,,T1100,,A-3,2,02.18.2020,8:04:00,08:38:00,,North Key Largo,Y,B,0.047,N,,T1130,,A-4,2,02.18.2020,8:05:00,15:48:00,,North Key Largo,Y,C,0.062,N,,T115,,B-2,2,02.18.2020,8:06:00,08:38:00,,Key Largo,Y,B,0.042,N,,T1219,,B-3,2,02.18.2020,8:06:00,08:38:00,,Key Largo,N,,0.049,Y,,T1264,,B-4,2,02.18.2020,8:07:00,15:48:00,,Lake Placid,Y,C,0.032,N,,T14,,A-3,2,02.18.2020,8:40:00,09:16:00,,Plantation Key,Y,,0.035,N,,T132,,B-1,2,02.18.2020,8:42:00,09:16:00,,North Key Largo,N,,0.064,N,,T1329,,B-2,2,02.18.2020,8:42:00,09:16:00,,North Key Largo,N,,0.078,Y,,T1147,,B-3,2,02.18.2020,8:45:00,09:16:00,,North Key Largo,Y,B,0.066,N,,T1190,,A-3,2,02.18.2020,9:19:00,09:53:00,,Leesburg,N,,0.043,N,,T119,,B-1,2,02.18.2020,9:20:00,19:12:07,,Key Largo,Y,C,0.05,N,,T1164,,B-2,2,02.18.2020,9:21:00,17:50:33,,Lake Placid,Y,C,0.053,N,,T1431,,B-3,2,02.18.2020,9:22:00,14:18:00,,North Key Largo,Y,BC,0.04,N,,T1228,,A-3,2,02.18.2020,9:54:00,14:41:00,,North Key Largo,Y,C,0.037,N,,T1106,,B-3,2,02.18.2020,14:21:00,14:51:00,,Plantation Key,N,,0.046,Y,,T117,,A-3,2,02.18.2020,14:53:00,20:03:38,Y,Key Largo,Y,C,0.04,N,,T1270,,B-3,2,02.18.2020,14:54:00,15:48:00,,Lake Placid,Y,C,0.027,N,,T1122,,A-4,2,02.18.2020,15:54:00,16:29:00,,North Key Largo,Y,B,0.032,N,,T1442,,B-3,2,02.18.2020,15:55:00,16:29:00,,North Key Largo,Y,B,0.029,N,,T114,,B-4,2,02.18.2020,15:56:00,16:29:00,,Key Largo,N,,0.023,N,,T1160,,A-2,3,02.19.2020,8:23:00,08:58:00,,Homestead,N,,0.045,N,,T1443,,A-3,3,02.19.2020,8:24:00,09:32:00,,North Key Largo,Y,BC,0.038,N,,T1444,,A-4,3,02.19.2020,8:24:00,09:21:00,,North Key Largo,Y,C,0.036,N,,T1326,,B-1,3,02.19.2020,8:25:00,16:29:00,,North Key Largo,Y,C,0.085,Y,,T1115,,B-2,3,02.19.2020,8:25:00,08:58:00,,Key Largo,N,,0.087,Y,,T1395,,B-3,3,02.19.2020,8:26:00,08:58:00,,Key Largo,N,,0.048,N,,T1151,,B-4,3,02.19.2020,8:26:00,10:44:00,,Homestead,Y,C,0.095,N,,T1238,,A-2,3,02.19.2020,9:00:00,09:31:00,,North Key Largo,N,,0.034,N,,T1311,,B-2,3,02.19.2020,9:00:00,09:31:00,,Key Largo,N,,0.036,N,,T1129,,B-3,3,02.19.2020,9:00:00,09:31:00,,North Key Largo,Y,B,0.036,N,,T1441,,A-2,3,02.19.2020,9:33:00,10:47:00,,North Key Largo,Y,C,0.052,N,,T1204,,A-3,3,02.19.2020,9:34:00,10:08:00,,Plantation Key,Y,B,0.033,N,,T1123,,A-4,3,02.19.2020,9:35:00,10:08:00,,North Key Largo,Y,B,0.03,N,,T128,,B-2,3,02.19.2020,9:35:00,10:08:00,,North Key Largo,Y,B,0.035,N,,T1269,,B-3,3,02.19.2020,9:36:00,17:40:00,,Lake Placid,Y,C,0.059,N,SENSOR: lost voltage reading ~ 5:10 PM (17:10) then resolved in 5 min,T1142,,A-3,3,02.19.2020,10:10:00,15:43:00,,North Key Largo,Y,C,0.082,N,,T1401,,A-4,3,02.19.2020,10:11:00,10:44:00,,Plantation Key,N,,0.096,Y,,T1312,,B-2,3,02.19.2020,10:12:00,11:30:00,,Key Largo,Y,B,0.038,N,,T1196,,A-4,3,02.19.2020,10:44:00,11:32:00,,Gainesville,Y,C,0.04,N,,T1347,,B-4,3,02.19.2020,10:46:00,11:33:00,,North Key Largo,Y,B,0.048,N,,T1295,,A-2,3,02.19.2020,10:48:00,14:19:00,,Gainesville,Y,C,0.033,N,,T112,,A-4,3,02.19.2020,11:34:00,13:47:00,,Key Largo,Y,C,0.074,N,,T1432,,B-2,3,02.19.2020,11:35:00,12:24:00,,North Key Largo,Y,C,0.039,N,,T1412,,B-4,3,02.19.2020,11:36:00,17:40:00,,North Key Largo,Y,C,0.03,N,,T1258,,B-2,3,02.19.2020,12:25:00,12:55:00,,Homestead,Y,B,0.025,N,,T145,,B-2,3,02.19.2020,13:26:00,14:09:00,,Homestead,Y,BC,0.033,N,,T1109,,A-4,3,02.19.2020,13:56:00,14:29:00,,Plantation Key,N,,0.055,N,,T127,,A-2,3,2.19.2020,14:30:00,15:00:00,,North Key Largo,N,,0.12,Y,,T111,,A-4,3,2.19.2020,14:31:00,15:15:00,,Key Largo,Y,C,0.043,N,,T1152,,B-2,3,2.19.2020,14:32:00,15:00:00,,Homestead,N,,0.029,N,,T1322,,A-2,3,2.19.2020,15:01:00,17:08:00,,North Key Largo,Y,C,0.046,N,,T1418,,B-2,3,2.19.2020,15:02:00,21:03:42,Y,North Key Largo,Y,C,0.046,N,,T133,,A-4,3,2.19.2020,15:31:00,22:01:46,Y,North Key Largo,Y,C,0.044,N,,T1292,,A-3,3,2.19.2020,16:01:00,16:31:00,,Gainesville,N,,0.088,N,,T1227,,A-3,3,2.19.2020,16:31:00,17:01:00,,North Key Largo,N,,0.112,Y,,T1274,,A-2,4,2.20.2020,8:15:00,08:45:00,,Lake Wales,N,,0.042,N,,T11,,A-3,4,2.20.2020,8:15:00,08:50:00,,Plantation Key,Y,C,0.038,N,,T169,,A-4,4,2.20.2020,8:15:00,08:45:00,,Lake Wales,Y,B,0.06,N,,T1224,,B-1,4,2.20.2020,8:15:00,09:26:00,,North Key Largo,Y,BC,0.047,N,,T1159,,B-2,4,2.20.2020,8:15:00,08:45:00,,Homestead,N,,0.032,N,,T1107,,B-3,4,2.20.2020,8:15:00,08:45:00,,Plantation Key,Y,B,0.036,N,,T1409,,B-4,4,2.20.2020,8:15:00,08:45:00,,Key Largo,Y,B,0.029,N,,T1149,,A-2,4,2.20.2020,8:50:00,09:27:00,,North Key Largo,N,,0.082,Y,,T1371,,A-4,4,2.20.2020,8:51:00,09:27:00,,Lake Placid,Y,C,0.031,N,,T1320,,B-2,4,2.20.2020,8:52:00,09:27:00,,Key Largo,N,,0.047,N,,T144,,B-3,4,2.20.2020,8:53:00,09:27:00,,Homestead,Y,B,0.062,N,,T1375,,B-4,4,2.20.2020,8:54:00,18:46:12,Y,Lake Wales,Y,C,0.063,N,,T171,,A-3,4,2.20.2020,8:55:00,17:18:47,Y,Leesburg,Y,C,0.035,N,,T1104,,A-2,4,2.20.2020,9:30:00,10:05:00,,Plantation Key,N,,0.057,N,,T1360,,A-4,4,2.20.2020,9:30:00,10:05:00,,North Key Largo,N,,0.106,Y,,T1155,,B-1,4,2.20.2020,9:30:00,10:05:00,,Homestead,N,,0.092,Y,,T1257,,B-2,4,2.20.2020,9:30:00,10:05:00,,Homestead,Y,BC,0.042,N,,T1396,,B-3,4,2.20.2020,9:30:00,10:05:00,,Key Largo,Y,B,0.051,N,,T150,,A-2,4,2.20.2020,10:08:00,10:41:00,,Homestead,N,,0.048,N,,T1170,,A-4,4,2.20.2020,10:08:00,10:42:00,,Lake Placid,Y,B,0.045,N,,T1229,,B-1,4,2.20.2020,10:09:00,10:42:00,,North Key Largo,N,,0.095,Y,,T166,,B-2,4,2.20.2020,10:10:00,10:42:00,,Lake Wales,Y,B,0.036,N,,T1176,,B-3,4,2.20.2020,10:11:00,10:43:00,,Lake Wales,N,,0.058,Y,,T1145,,A-2,4,2.20.2020,10:46:00,18:38:39,Y,North Key Largo,Y,C,0.046,N,,T1244,,A-4,4,2.20.2020,10:47:00,11:21:00,,North Key Largo,N,,0.115,Y,,T1132,,B-1,4,2.20.2020,10:48:00,11:21:00,,North Key Largo,N,,0.074,N,,T1376,,B-2,4,2.20.2020,10:49:00,11:22:00,,Lake Wales,N,,0.031,N,,T1425,,B-3,4,2.20.2020,10:50:00,11:22:00,,North Key Largo,Y,B,0.027,N,,T1167,,A-4,4,2.20.2020,11:24:00,11:56:00,,Lake Placid,N,,0.029,N,,T1334,,B-1,4,2.20.2020,11:24:00,22:01:55,Y,North Key Largo,Y,C,0.056,N,,T1406,,B-2,4,2.20.2020,11:25:00,11:56:00,,Key Largo,Y,B,0.032,N,,T1434,,A-2,5,2.21.2020,8:28:00,09:00:00,,North Key Largo,N,,0.037,N,,T1126,,A-3,5,2.21.2020,8:28:00,09:00:00,,North Key Largo,N,,0.074,Y,,T1393,,A-4,5,2.21.2020,8:28:00,09:00:00,,Plantation Key,N,,0.1,Y,,T1226,,B-1,5,2.21.2020,8:28:00,09:00:00,,North Key Largo,Y,B,0.057,N,,T1125,,B-2,5,2.21.2020,8:28:00,09:30:00,,North Key Largo,Y,C,0.043,N,,T1389,,B-3,5,2.21.2020,8:28:00,09:00:00,,Plantation Key,N,,0.105,N,,T191,,B-4,5,2.21.2020,8:28:00,09:00:00,,North Key Largo,N,,0.079,Y,,T186,,A-2,5,2.21.2020,9:04:00,09:39:00,,Gainesville,N,,0.033,N,,T1102,,A-3,5,2.21.2020,9:05:00,09:39:00,,Plantation Key,Y,B,0.043,N,,T1271,,A-4,5,2.21.2020,9:06:00,12:34:00,,Lake Wales,Y,C,0.05,N,,T15,,B-1,5,2.21.2020,9:07:00,09:39:00,,Plantation Key,N,,0.087,Y,DATA COL: did not fly from the windaq file,T1332,,B-3,5,2.21.2020,9:08:00,09:57:00,,North Key Largo,Y,C,0.029,N,,T141,,B-4,5,2.21.2020,9:08:00,09:39:00,,Homestead,N,,0.122,Y,DATA COL: did not fly from the windaq file but recording also had voltage problem,T1216,,A-2,5,2.21.2020,9:41:00,10:17:00,,Key Largo,N,,0.047,N,,T16,,A-3,5,2.21.2020,9:41:00,11:14:00,,Plantation Key,Y,C,0.042,N,DATA COL: time_end from windaq file,T1351,,B-1,5,2.21.2020,9:42:00,13:13:00,,North Key Largo,Y,BC,0.034,N,,T1306,,B-2,5,2.21.2020,9:42:00,13:12:00,,Plantation Key,Y,C,0.041,N,BUG: flying in place at 10:23 - look at windaq file to see what flying-in-place motion looks like; time_end from windaq file,T1248,,B-4,5,2.21.2020,9:43:00,10:48:00,,North Key Largo,Y,C,0.037,N,,T1433,,A-2,5,2.21.2020,10:18:00,10:49:00,,North Key Largo,Y,B,0.035,N,,T1321,,B-3,5,2.21.2020,10:19:00,10:49:00,,North Key Largo,N,,0.05,Y,,T145,,A-2,5,2.21.2020,10:50:00,11:20:00,Y,Homestead,Y,B,0.031,N,PAINT: paint fell off between 20-30 min into the trial,T1109,,B-3,5,2.21.2020,10:50:00,11:20:00,,Plantation Key,N,,0.053,Y,,T19,,A-1,6,2.24.2020,8:34:00,12:19:00,,Plantation Key,Y,C,0.043,N,,T1218,,A-2,6,2.24.2020,8:34:00,09:13:00,,Key Largo,Y,B,0.046,N,,T1419,,A-3,6,2.24.2020,8:35:00,09:14:00,,North Key Largo,N,,0.037,N,,T1262,,A-4,6,2.24.2020,8:36:00,12:19:00,,Lake Placid,Y,,0.037,N,SENSOR: sudden drop to 1/2 voltage (baseline @ 2 V),T1250,,B-1,6,2.24.2020,8:40:00,09:14:00,,North Key Largo,N,,0.04,N,,T172,,B-2,6,2.24.2020,8:40:00,09:14:00,,Leesburg,Y,B,0.044,N,,T12,,B-3,6,2.24.2020,8:40:00,09:14:00,,Plantation Key,N,,0.037,N,,T1403,,B-4,6,2.24.2020,8:40:00,18:38:24,Y,Plantation Key,Y,C,0.054,N,,T1420,,A-2,6,2.24.2020,9:15:00,09:52:00,,North Key Largo,N,,0.079,Y,,T1256,,A-3,6,2.24.2020,9:18:00,09:52:00,,Homestead,N,,0.034,N,,T1158,,B-1,6,2.24.2020,9:19:00,09:52:00,,Homestead,N,,0.024,N,,T1405,,B-2,6,2.24.2020,9:20:00,09:52:00,,Plantation Key,N,,0.064,Y,,T143,,B-3,6,2.24.2020,9:20:00,09:52:00,,Homestead,N,,0.062,Y,,T17,,A-2,6,2.24.2020,9:54:00,21:16:42,Y,Plantation Key,Y,C,0.064,N,,T116,,A-3,6,2.24.2020,9:55:00,10:29:00,,Key Largo,N,,0.045,N,,T1187,,B-1,6,2.24.2020,9:56:00,10:29:00,,Leesburg,N,,0.117,Y,,T1390,,B-2,6,2.24.2020,9:57:00,10:29:00,,Plantation Key,N,,0.049,Y,,T1103,,B-3,6,2.24.2020,9:58:00,10:29:00,,Plantation Key,N,,0.05,N,,T181,,A-3,6,2.24.2020,10:30:00,11:05:00,,Gainesville,N,,0.038,N,,T1146,,B-1,6,2.24.2020,10:31:00,11:05:00,,North Key Largo,N,,0.029,N,,T1240,,B-2,6,2.24.2020,10:32:00,11:05:00,,North Key Largo,Y,B,0.039,N,,T1230,,B-3,6,2.24.2020,10:33:00,11:05:00,,North Key Largo,Y,B,0.039,N,,T1206,,A-3,6,2.24.2020,11:07:00,11:42:00,,Plantation Key,N,,0.038,N,,T1217,,B-1,6,2.24.2020,11:08:00,11:42:00,,Key Largo,N,,0.107,Y,,T1124,,B-2,6,2.24.2020,11:09:00,11:42:00,,North Key Largo,Y,B,0.04,N,,T1233,,B-3,6,2.24.2020,11:10:00,11:42:00,,North Key Largo,N,,0.066,Y,,T1281,,A-3,6,2.24.2020,11:45:00,12:19:00,,Leesburg,Y,B,0.03,N,,T1417,,B-1,6,2.24.2020,11:46:00,12:19:00,,North Key Largo,Y,B,0.037,N,,T1205,,B-2,6,2.24.2020,11:47:00,12:19:00,,Plantation Key,Y,B,0.039,N,,T1415,,B-3,6,2.24.2020,11:47:00,12:19:00,,North Key Largo,Y,CB,0.042,N,,T1319,,A-1,6,2.24.2020,13:35:00,14:11:00,,Key Largo,Y,B,0.099,N,,T1110,,A-3,6,2.24.2020,13:36:00,14:11:00,,Plantation Key,Y,B,0.028,N,,T1118,,A-4,6,2.24.2020,13:39:00,14:11:00,,Key Largo,N,,0.04,N,,T134,,B-1,6,2.24.2020,13:40:00,15:25:00,,North Key Largo,Y,C,0.046,N,,T1259,,B-2,6,2.24.2020,13:40:00,14:11:00,,Homestead,Y,B,0.032,N,,T1294,,A-1,6,2.24.2020,14:15:00,14:50:00,,Gainesville,Y,B,0.033,N,,T1416,,A-3,6,2.24.2020,14:16:00,14:50:00,,North Key Largo,Y,B,0.034,N,,T147,,B-2,6,2.24.2020,14:17:00,22:00:57,Y,Homestead,Y,C,0.059,N,,T1411,,B-3,6,2.24.2020,14:19:00,14:50:00,,North Key Largo,Y,B,0.036,N,,T1328,,A-1,6,2.24.2020,14:53:00,15:35:00,,North Key Largo,N,,0.074,Y,,T18,,A-3,6,2.24.2020,14:54:00,15:25:00,,Plantation Key,N,,0.109,Y,,T113,,B-3,6,2.24.2020,14:55:00,15:35:00,,Key Largo,N,,0.131,Y,,T1335,,A-1,6,2.24.2020,15:38:00,16:00:00,,North Key Largo,N,,0.033,N,BUG: paint on antennae-freaked out ,T1201,,A-1,7,2.25.2020,8:05:00,10:59:00,,Plantation Key,Y,C,0.035,N,,T1346,,A-2,7,2.25.2020,8:05:00,08:37:00,,North Key Largo,N,,0.179,Y,,T153,,A-3,7,2.25.2020,8:05:00,08:37:00,,Lake Placid,Y,B,0.106,Y,,T1349,,A-4,7,2.25.2020,8:05:00,08:37:00,,North Key Largo,N,,0.036,N,,T1439,,B-1,7,2.25.2020,8:07:00,08:37:00,,North Key Largo,Y,B,0.033,N,,T193,,B-2,7,2.25.2020,8:07:00,08:37:00,,North Key Largo,N,,0.053,N,,T1310,,B-3,7,2.25.2020,8:07:00,08:37:00,,Plantation Key,Y,B,0.045,N,,T187,,B-4,7,2.25.2020,8:07:00,08:37:00,,Gainesville,Y,B,0.032,N,,T1237,,A-2,7,2.25.2020,8:42:00,09:18:00,,North Key Largo,N,,0.072,Y,,T1235,,A-3,7,2.25.2020,8:43:00,09:18:00,,North Key Largo,Y,B,0.039,N,,T1266,,A-4,7,2.25.2020,8:44:00,09:18:00,,Lake Placid,Y,B,0.03,N,,T1260,,B-1,7,2.25.2020,8:45:00,09:18:00,,Homestead,N,,0.026,N,,T1314,,B-2,7,2.25.2020,8:46:00,09:18:00,,Key Largo,N,,0.07,Y,,T199,,B-3,7,2.25.2020,8:47:00,09:18:00,,North Key Largo,N,,0.03,N,,T138,,B-4,7,2.25.2020,8:48:00,11:37:00,,North Key Largo,Y,C,0.04,N,,T1382,,A-2,7,2.25.2020,9:20:00,13:39:00,,Plantation Key,Y,C,0.034,N,,T1209,,A-3,7,2.25.2020,9:21:00,11:59:00,,Plantation Key,Y,C,0.038,N,,T142,,A-4,7,2.25.2020,9:22:00,09:56:00,,Homestead,Y,B,0.069,N,,T1282,,B-1,7,2.25.2020,9:23:00,19:14:01,Y,Leesburg,Y,C,0.034,N,,T1161,,B-2,7,2.25.2020,9:24:00,16:03:00,,Lake Placid,Y,C,0.066,N,,T1413,,B-3,7,2.25.2020,9:25:00,09:56:00,,North Key Largo,N,,0.049,N,,T156,,A-4,7,2.25.2020,9:57:00,15:28:00,,Lake Placid,Y,C,0.036,N,,T1215,,B-3,7,2.25.2020,9:58:00,22:01:09,Y,Key Largo,Y,C,0.048,N,,T1246,,A-1,7,2.25.2020,11:00:00,11:30:00,,North Key Largo,N,,0.133,Y,,T1394,,A-1,7,2.25.2020,11:30:00,21:46:50,Y,Plantation Key,Y,C,0.026,N,,T125,,A-3,7,2.25.2020,12:00:00,12:31:00,,North Key Largo,Y,C,0.052,N,,T1192,,B-4,7,2.25.2020,12:00:00,12:30:00,,Gainesville,N,,0.054,N,,T1428,,B-4,7,2.25.2020,12:30:00,13:00:00,,North Key Largo,N,,0.06,Y,,T1222,,A-2,7,2.25.2020,13:42:00,14:16:00,,North Key Largo,N,,0.146,Y,,T1263,,A-3,7,2.25.2020,13:44:00,14:16:00,,Lake Placid,N,,0.061,N,,T146,,B-4,7,2.25.2020,13:46:00,14:16:00,,Homestead,Y,B,0.033,N,,T159,,A-2,7,2.25.2020,14:20:00,14:52:00,,Lake Placid,N,,0.089,Y,,T1184,,A-3,7,2.25.2020,14:20:00,14:52:00,,Leesburg,Y,B,0.027,N,,T1327,,B-4,7,2.25.2020,14:20:00,14:52:00,,North Key Largo,N,,0.078,Y,,T1188,,A-2,7,2.25.2020,14:55:00,15:28:00,,Leesburg,N,,0.05,Y,,T130,,A-3,7,2.25.2020,14:56:00,15:28:00,,North Key Largo,N,,0.091,Y,,T1254,,B-4,7,2.25.2020,14:57:00,15:28:00,,Homestead,Y,B,0.071,Y,,T1383,,A-2,7,2.25.2020,15:30:00,18:30:38,Y,Plantation Key,Y,C,0.05,N,,T1339,,A-3,7,2.25.2020,15:30:00,16:03:00,,North Key Largo,N,,NA,NA,,T148,,A-4,7,2.25.2020,15:31:00,16:03:00,,Homestead,N,,NA,NA,,T1342,,B-4,7,2.25.2020,15:32:00,16:03:00,,North Key Largo,Y,CB,NA,NA,,T1168,,A-1,8,2.26.2020,9:05:00,09:35:00,,Lake Placid,N,,0.052,N,,T196,,A-2,8,2.26.2020,9:05:00,09:35:00,,North Key Largo,N,,0.098,Y,,T140,,A-3,8,2.26.2020,9:05:00,10:17:00,,North Key Largo,Y,C,0.033,N,,T1307,,A-4,8,2.26.2020,9:05:00,10:55:00,,Plantation Key,Y,C,0.029,N,,T1437,,B-1,8,2.26.2020,9:05:00,09:35:00,,North Key Largo,Y,B,0.046,N,,T1407,,B-2,8,2.26.2020,9:05:00,09:35:00,,Key Largo,N,,0.076,Y,,T1200,,B-3,8,2.26.2020,9:05:00,09:35:00,,Gainesville,Y,B,0.033,N,,T1304,,B-4,8,2.26.2020,9:05:00,09:35:00,,Plantation Key,N,,0.028,N,,T1212,,A-1,8,2.26.2020,9:40:00,22:02:33,Y,Key Largo,Y,C,0.033,N,,T1136,,A-2,8,2.26.2020,9:41:00,17:07:41,Y,North Key Largo,Y,C,0.051,Y,,T1309,,B-1,8,2.26.2020,9:42:00,16:30:00,,Plantation Key,Y,C,0.035,N,,T1397,,B-2,8,2.26.2020,9:43:00,10:18:00,,Key Largo,Y,B,0.047,N,,T1265,,B-3,8,2.26.2020,9:45:00,10:18:00,,Lake Placid,N,,0.049,N,,T1156,,B-4,8,2.26.2020,9:46:00,10:18:00,,Homestead,N,,0.06,Y,,T1225,,A-3,8,2.26.2020,10:20:00,11:10:00,,North Key Largo,Y,C,0.038,N,,T1392,,B-2,8,2.26.2020,10:21:00,10:55:00,,Plantation Key,Y,B,0.026,N,,T131,,B-3,8,2.26.2020,10:23:00,10:55:00,,North Key Largo,N,,0.101,Y,,T1253,,B-4,8,2.26.2020,10:24:00,10:55:00,,Homestead,Y,B,0.129,Y,,T1231,,A-4,8,2.26.2020,10:57:00,11:31:00,,North Key Largo,Y,C,0.039,N,,T1105,,B-2,8,2.26.2020,10:58:00,11:31:00,,Plantation Key,N,,0.044,N,,T1112,,B-3,8,2.26.2020,10:59:00,11:31:00,,Key Largo,N,,0.073,Y,,T1343,,B-4,8,2.26.2020,11:00:00,19:00:59,Y,North Key Largo,Y,C,0.041,N,,T1355,,A-3,8,2.26.2020,11:41:00,13:37:00,,North Key Largo,Y,C,0.027,N,,T195,,A-4,8,2.26.2020,11:43:00,12:15:00,,North Key Largo,Y,B,0.049,N,,T177,,B-2,8,2.26.2020,11:45:00,13:35:00,,Leesburg,Y,C,0.036,N,,T1120,,B-3,8,2.26.2020,11:46:00,12:15:00,,Key Largo,Y,B,0.029,N,,T1193,,A-3,8,2.26.2020,13:38:00,14:09:00,,Gainesville,N,,0.039,N,,T1308,,A-4,8,2.26.2020,13:39:00,14:11:00,,Plantation Key,Y,B,0.072,N,,T1385,,B-2,8,2.26.2020,13:40:00,14:11:00,,Plantation Key,Y,B,0.067,Y,,T152,,B-3,8,2.26.2020,13:41:00,22:06:01,Y,Lake Placid,Y,BC,0.038,N,,T190,,A-3,8,2.26.2020,14:13:00,14:45:00,,Gainesville,Y,B,0.033,N,,T1119,,A-4,8,2.26.2020,14:14:00,14:45:00,,Key Largo,Y,B,0.043,N,,T13,,B-2,8,2.26.2020,14:15:00,14:45:00,,Plantation Key,Y,B,0.048,N,,T1316,,A-3,8,2.26.2020,14:46:00,15:18:00,,Key Largo,Y,B,0.036,N,,T1344,,A-4,8,2.26.2020,14:47:00,15:18:00,,North Key Largo,N,,0.04,N,,T1359,,B-2,8,2.26.2020,14:48:00,15:18:00,,North Key Largo,Y,B,0.026,N,,T1388,,A-3,8,2.26.2020,15:19:00,15:53:00,,Plantation Key,Y,B,0.051,N,,T1421,,A-4,8,2.26.2020,15:20:00,15:53:00,,North Key Largo,Y,B,0.044,N,,T1249,,B-2,8,2.26.2020,15:21:00,19:37:33,Y,North Key Largo,Y,C,0.043,N,,T1211,,A-3,8,2.26.2020,15:54:00,16:30:00,,Key Largo,N,,0.056,N,,T1140,,A-4,8,2.26.2020,15:55:00,16:30:00,,North Key Largo,Y,,0.09,N,,T1108,,A-1,9,2.27.2020,8:13:00,08:50:00,,Plantation Key,N,,0.048,N,,T1210,,A-2,9,2.27.2020,8:14:00,10:40:00,,Plantation Key,Y,C,0.047,N,,T1245,,A-3,9,2.27.2020,8:15:00,08:50:00,,North Key Largo,N,,0.035,N,,T1384,,A-4,9,2.27.2020,8:15:00,08:50:00,,Plantation Key,Y,B,0.031,N,,T1315,,B-1,9,2.27.2020,8:16:00,08:50:00,,Key Largo,Y,CB,0.032,N,,T1358,,B-3,9,2.27.2020,8:17:00,08:50:00,,North Key Largo,N,,0.029,N,,T1424,,B-4,9,2.27.2020,8:18:00,08:50:00,,North Key Largo,Y,CB,0.06,N,,T118,,A-1,9,2.27.2020,8:54:00,22:11:41,Y,Key Largo,Y,C,0.043,N,DATA COL: was still flying but took down (thought 24 hours was the limit),T1131,,A-3,9,2.27.2020,8:55:00,22:00:51,Y,North Key Largo,Y,C,0.04,N,,T126,,A-4,9,2.27.2020,8:56:00,09:32:00,,North Key Largo,Y,B,0.039,N,SENSOR: A-4 having sporadic readings,T129,,B-1,9,2.27.2020,8:58:00,09:32:00,,North Key Largo,N,,0.048,Y,,T149,,B-2,9,2.27.2020,8:59:00,09:32:00,,Homestead,N,,0.052,N,,T1400,,B-3,9,2.27.2020,9:00:00,09:32:00,,Key Largo,N,,0.045,N,,T1357,,B-4,9,2.27.2020,9:01:00,09:32:00,,North Key Largo,Y,B,0.028,N,,T1353,,A-4,9,2.27.2020,9:36:00,11:36:00,,North Key Largo,Y,C,0.038,N,,T1438,,B-1,9,2.27.2020,9:37:00,22:03:45,Y,North Key Largo,Y,BC,0.069,N,,T1429,,B-2,9,2.27.2020,9:38:00,10:17:00,,North Key Largo,N,,0.079,Y,,T110,,B-3,9,2.27.2020,9:39:00,10:17:00,,Plantation Key,Y,B,0.057,N,,T1303,,B-4,9,2.27.2020,9:40:00,13:15:00,,Plantation Key,Y,C,0.042,N,,T1232,,B-2,9,2.27.2020,10:18:00,10:40:00,,North Key Largo,N,,0.048,N,,T1135,,B-3,9,2.27.2020,10:19:00,10:40:00,,North Key Largo,N,,0.132,Y,,T1137,,A-2,9,2.27.2020,10:42:00,14:54:00,,North Key Largo,Y,C,0.048,N,,T198,,B-2,9,2.27.2020,10:43:00,11:13:00,,North Key Largo,N,,0.033,N,,T1345,,B-3,9,2.27.2020,10:44:00,11:13:00,,North Key Largo,N,,0.082,Y,,T1197,,B-2,9,2.27.2020,11:13:00,11:43:00,,Gainesville,N,,0.03,N,,T1350,,B-3,9,2.27.2020,11:14:00,18:00:00,,North Key Largo,Y,BC,0.03,N,DATA COL: taken down before Ana left but time not written down,T1183,,A-4,9,2.27.2020,11:46:00,13:18:00,,Leesburg,Y,C,0.033,N,,T1325,,B-2,9,2.27.2020,11:47:00,12:17:00,,North Key Largo,Y,B,0.046,N,,T135,,B-2,9,2.27.2020,13:16:00,13:48:00,,North Key Largo,Y,B,0.032,N,,T1154,,A-4,9,2.27.2020,13:18:00,13:48:00,,Homestead,N,,0.024,N,,T183,,A-1,10,2.28.2020,8:00:00,08:37:00,,Gainesville,N,,0.048,N,,T120,,A-2,10,2.28.2020,8:01:00,08:37:00,,Key Largo,Y,B,0.066,N,,T1313,,A-3,10,2.28.2020,8:02:00,08:37:00,,Key Largo,N,,0.039,N,,T124,,A-4,10,2.28.2020,8:03:00,08:37:00,,North Key Largo,Y,B,0.042,N,,T1236,,B-1,10,2.28.2020,8:04:00,08:37:00,,North Key Largo,Y,B,0.044,N,,T122,,B-2,10,2.28.2020,8:05:00,08:37:00,,North Key Largo,N,,0.043,N,,T1214,,B-3,10,2.28.2020,8:06:00,08:37:00,,Key Largo,Y,B,0.105,N,,T157,,B-4,10,2.28.2020,8:07:00,08:37:00,,Lake Placid,N,,0.035,N,,T1169,,A-1,10,2.28.2020,8:39:00,16:07:00,,Lake Placid,Y,C,0.041,N,,T1261,,A-2,10,2.28.2020,8:40:00,10:25:00,,Lake Placid,Y,BC,0.039,N,"MARKER: made 261, 391, 261 commented even marker",T1391,,A-3,10,2.28.2020,8:41:00,09:29:00,,Plantation Key,Y,C,0.053,N,,T1323,,A-4,10,2.28.2020,8:42:00,10:22:00,,North Key Largo,Y,BC,0.035,N,,T1293,,B-1,10,2.28.2020,8:43:00,09:16:00,,Gainesville,N,,0.038,N,,T1247,,B-2,10,2.28.2020,8:44:00,10:22:00,,North Key Largo,Y,BC,0.031,N,,T1408,,B-3,10,2.28.2020,8:45:00,09:16:00,,Key Largo,N,,0.05,Y,,T1139,,B-4,10,2.28.2020,8:46:00,15:05:00,,North Key Largo,Y,C,0.04,N,,T1331,,B-1,10,2.28.2020,9:17:00,10:22:00,,North Key Largo,Y,BC,0.038,N,,T1301,,B-3,10,2.28.2020,9:18:00,12:16:00,,Plantation Key,Y,C,0.039,N,DATA COL: had to reposition at 9:49,T1387,,A-3,10,2.28.2020,9:49:00,10:22:00,,Plantation Key,N,,0.095,Y,,T197,,A-2,10,2.28.2020,10:26:00,11:04:00,,North Key Largo,N,,0.099,N,,T1141,,A-3,10,2.28.2020,10:27:00,11:04:00,,North Key Largo,N,,0.061,N,,T1101,,A-4,10,2.28.2020,10:28:00,11:04:00,,Plantation Key,N,,0.09,N,,T1324,,B-1,10,2.28.2020,10:29:00,22:54:19,Y,North Key Largo,Y,C,0.036,N,,T1116,,B-2,10,2.28.2020,10:30:00,11:00:00,,Key Largo,Y,B,0.066,N,,T1221,,B-2,10,2.28.2020,11:26:00,11:57:00,,North Key Largo,N,,0.09,Y,,T1333,,A-3,10,2.28.2020,11:26:00,11:57:00,,North Key Largo,Y,B,0.034,N,,T1113,,A-4,10,2.28.2020,11:26:00,11:57:00,,Key Largo,N,,0.037,N,,T1330,,A-2,10,2.28.2020,11:26:00,11:57:00,,North Key Largo,Y,B,0.109,Y,,T1194,,A-2,10,2.28.2020,12:00:00,13:39:00,,Gainesville,Y,C,0.043,N,MARKER: made comment 330 then 194,T1410,,A-3,10,2.28.2020,12:01:00,16:58:03,Y,Key Largo,Y,C,0.044,N,,T154,,A-4,10,2.28.2020,12:02:00,12:36:00,,Lake Placid,N,,0.094,Y,,T1404,,B-2,10,2.28.2020,12:03:00,13:39:00,,Plantation Key,Y,C,0.032,N,,T1352,,A-4,10,2.28.2020,12:37:00,13:39:00,,North Key Largo,Y,C,0.029,N,,T137,,A-1,11,03.03.2020,8:46:00,09:22:00,,North Key Largo,N,,0.062,Y,,T2209,,A-2,11,03.03.2020,8:46:00,09:22:00,,Plantation Key,Y,CB,0.04,N,,T292,,A-3,11,03.03.2020,8:46:00,09:22:00,,North Key Largo,Y,B,0.138,Y,,T2123,,A-4,11,03.03.2020,8:46:00,09:22:00,,North Key Largo,N,,0.039,N,,T2230,,B-1,11,03.03.2020,8:50:00,15:20:00,,North Key Largo,Y,C,0.043,N,,T2417,,B-2,11,03.03.2020,8:50:00,09:22:00,,North Key Largo,N,,0.034,N,,T2320,,B-3,11,03.03.2020,8:50:00,09:22:00,,Key Largo,Y,B,0.043,N,,T2332,,B-4,11,03.03.2020,8:50:00,09:22:00,,North Key Largo,N,,0.034,N,,T2176,,A-1,11,03.03.2020,9:25:00,10:01:00,,Lake Wales,N,,0.058,Y,,T2233,,A-2,11,03.03.2020,9:26:00,10:01:00,,North Key Largo,N,,0.064,N,,T2125,,A-3,11,03.03.2020,9:27:00,10:01:00,,North Key Largo,Y,C,0.041,N,,T2376,,A-4,11,03.03.2020,9:28:00,10:01:00,,Lake Wales,N,,0.029,N,,T2187,,B-2,11,03.03.2020,9:29:00,10:01:00,,Leesburg,N,,0.087,Y,,T226,,B-3,11,03.03.2020,9:30:00,10:01:00,,North Key Largo,Y,B,0.081,Y,,T229,,B-4,11,03.03.2020,9:31:00,10:01:00,,North Key Largo,N,,0.066,Y,,T2423,,A-1,11,03.03.2020,10:03:00,10:38:00,,North Key Largo,Y,B,0.034,N,,T2179,,A-2,11,03.03.2020,10:04:00,10:38:00,,Lake Wales,N,,0.082,N,,T2433,,A-4,11,03.03.2020,10:05:00,10:38:00,,North Key Largo,N,,0.041,N,,T218,,B-2,11,03.03.2020,10:06:00,10:38:00,,Key Largo,N,,0.045,N,,T2262,,B-3,11,03.03.2020,10:07:00,10:38:00,,Lake Placid,N,,0.043,N,,T242,,B-4,11,03.03.2020,10:08:00,10:38:00,,Homestead,N,,0.084,N,,T2102,,A-1,11,03.03.2020,10:40:00,11:16:00,,Plantation Key,Y,B,0.042,N,,T281,,A-2,11,03.03.2020,10:41:00,11:16:00,,Gainesville,Y,B,0.047,N,,T2266,,A-4,11,03.03.2020,10:42:00,11:16:00,,Lake Placid,N,,0.035,N,,T2295,,B-2,11,03.03.2020,10:43:00,11:16:00,,Gainesville,Y,B,0.031,N,,T2197,,B-3,11,03.03.2020,10:44:00,11:16:00,,Gainesville,Y,B,0.029,N,,T2114,,B-4,11,03.03.2020,10:45:00,11:16:00,,Key Largo,N,,0.045,N,,T262,,A-1,11,03.03.2020,11:19:00,18:15:16,Y,Lake Wales,Y,C,0.036,N,,T269,,A-2,11,03.03.2020,11:19:00,11:54:00,,Lake Wales,Y,B,0.088,N,,T2152,,A-4,11,03.03.2020,11:20:00,11:54:00,,Homestead,N,,0.033,N,,T236,,B-2,11,03.03.2020,11:21:00,22:00:59,Y,North Key Largo,Y,BC,0.044,N,,T213,,B-3,11,03.03.2020,11:22:00,11:54:00,,Key Largo,N,,0.116,Y,,T2396,,B-4,11,03.03.2020,11:23:00,12:10:00,,Key Largo,Y,BC,0.046,N,,T2196,,A-3,11,03.03.2020,11:55:00,13:44:00,,Gainesville,Y,C,0.036,N,,T2328,,A-3,11,03.03.2020,11:56:00,12:32:00,,North Key Largo,N,,0.084,Y,,T2421,,A-4,11,03.03.2020,11:57:00,12:32:00,,North Key Largo,Y,B,0.044,N,,T2256,,B-3,11,03.03.2020,11:58:00,12:32:00,,Homestead,N,,0.026,N,,T2155,,A-3,11,03.03.2020,12:34:00,13:09:00,,Homestead,N,,0.066,N,,T2441,,A-4,11,03.03.2020,12:35:00,13:09:00,,North Key Largo,Y,B,0.063,N,,T2387,,B-3,11,03.03.2020,12:37:00,13:09:00,,Plantation Key,N,,0.078,Y,,T272,,B-4,11,03.03.2020,12:38:00,15:10:00,,Leesburg,Y,C,0.046,N,,T2136,,A-3,11,03.03.2020,13:12:00,13:44:00,,North Key Largo,Y,B,0.089,Y,,T2325,,A-4,11,03.03.2020,13:13:00,13:44:00,,North Key Largo,Y,B,0.049,N,,T246,,B-3,11,03.03.2020,13:14:00,13:44:00,,Homestead,Y,B,0.032,N,,T240,,A-2,11,03.03.2020,13:46:00,15:20:00,,North Key Largo,Y,C,0.036,N,,T295,,A-3,11,03.03.2020,13:47:00,14:19:00,,North Key Largo,Y,B,0.043,N,,T2429,,A-4,11,03.03.2020,13:48:00,14:19:00,,North Key Largo,N,,0.093,Y,,T2282,,A-1,12,03.04.2020,8:15:00,09:16:00,,Leesburg,Y,C,0.041,N,,T2281,,A-2,12,03.04.2020,8:15:00,08:47:00,,Leesburg,N,,0.032,N,,T2351,,A-3,12,03.04.2020,8:15:00,11:20:00,,North Key Largo,Y,C,0.038,N,,T2316,,A-4,12,03.04.2020,8:15:00,08:47:00,,Key Largo,N,,0.047,N,,T277,,B-1,12,03.04.2020,8:15:00,08:47:00,,Leesburg,Y,B,0.034,N,,T2331,,B-2,12,03.04.2020,8:15:00,08:47:00,,North Key Largo,Y,B,0.042,N,,T2194,,B-3,12,03.04.2020,8:15:00,08:47:00,,Gainesville,N,,0.049,N,,T2132,,B-4,12,03.04.2020,8:15:00,08:47:00,,North Key Largo,N,,0.068,Y,,T2254,,A-2,12,03.04.2020,8:50:00,09:25:00,,Homestead,N,,0.068,Y,,T2145,,A-4,12,03.04.2020,8:50:00,13:16:00,,North Key Largo,Y,C,0.042,N,,T2333,,B-1,12,03.04.2020,8:51:00,09:25:00,,North Key Largo,Y,B,0.034,N,,T2271,,B-2,12,03.04.2020,8:52:00,09:25:00,,Lake Wales,N,,0.08,Y,,T2193,,B-3,12,03.04.2020,8:53:00,09:25:00,,Gainesville,N,,0.04,N,,T298,,B-4,12,03.04.2020,8:54:00,09:25:00,,North Key Largo,N,,0.04,N,,T247,,A-1,12,03.04.2020,9:26:00,10:01:00,,Homestead,N,,0.086,Y,,T2383,,A-2,12,03.04.2020,9:27:00,11:16:00,,Plantation Key,Y,C,0.057,N,,T2235,,B-1,12,03.04.2020,9:28:00,10:01:00,,North Key Largo,Y,B,0.04,N,,T2303,,B-2,12,03.04.2020,9:29:00,10:06:00,,Plantation Key,Y,C,0.043,N,DCS: had to reposition to face orthogonal; channel B-2 voltage dropped to 0 around this time,T2144,,B-3,12,03.04.2020,9:30:00,10:01:00,,North Key Largo,Y,B,0.039,N,,T2113,,B-4,12,03.04.2020,9:31:00,10:01:00,,Key Largo,N,,0.039,N,,T266,,A-1,12,03.04.2020,10:04:00,14:38:00,,Lake Wales,Y,C,0.037,N,,T2357,,B-1,12,03.04.2020,10:05:00,10:40:00,,North Key Largo,N,,0.031,N,,T2407,,B-2,12,03.04.2020,10:06:00,10:40:00,,Key Largo,N,,0.056,N,,T2415,,B-3,12,03.04.2020,10:07:00,22:07:43,Y,North Key Largo,Y,C,0.042,N,,T296,,B-4,12,03.04.2020,10:09:00,10:40:00,,North Key Largo,N,,0.104,N,,T2404,,B-1,12,03.04.2020,10:41:00,13:03:00,,Plantation Key,Y,BC,0.035,N,,T244,,B-2,12,03.04.2020,10:42:00,11:17:00,,Homestead,Y,B,0.066,N,,T212,,B-4,12,03.04.2020,10:43:00,11:17:00,,Key Largo,N,,0.138,Y,,T2232,,A-2,12,03.04.2020,11:18:00,19:07:19,Y,North Key Largo,Y,C,0.044,N,,T2239,,B-2,12,03.04.2020,11:19:00,11:54:00,,North Key Largo,Y,B,0.037,N,,T2215,,B-4,12,03.04.2020,11:20:00,17:20:34,Y,Key Largo,Y,C,0.045,N,SENSOR: voltage problem; stopped recording dips,T2412,,A-3,12,03.04.2020,11:20:00,14:12:00,,North Key Largo,Y,C,0.036,N,,T2133,,B-2,12,03.04.2020,11:55:00,12:29:00,,North Key Largo,N,,0.099,Y,,T2334,,B-2,12,03.04.2020,12:31:00,13:01:00,,North Key Largo,Y,B,0.06,N,,T2226,,B-2,12,03.04.2020,13:02:00,13:35:00,,North Key Largo,Y,B,0.064,N,,T2356,,B-1,12,03.04.2020,13:05:00,13:35:00,,North Key Largo,N,,0.04,N,,T283,,A-4,12,03.04.2020,13:36:00,14:11:00,,Gainesville,N,,0.059,N,,T2308,,B-1,12,03.04.2020,13:38:00,14:45:00,,Plantation Key,Y,C,0.088,N,,T2375,,B-2,12,03.04.2020,13:39:00,14:11:00,,Lake Wales,N,,0.078,Y,,T2301,,A-3,12,03.04.2020,14:12:00,14:45:00,,Plantation Key,N,,0.049,N,,T2416,,A-4,12,03.04.2020,14:13:00,14:45:00,,North Key Largo,Y,B,0.045,N,,T2307,,B-2,12,03.04.2020,14:14:00,14:50:00,,Plantation Key,Y,C,0.041,N,,T233,,A-1,12,03.04.2020,14:46:00,15:49:00,,North Key Largo,Y,C,0.045,N,,T2444,,A-3,12,03.04.2020,14:47:00,15:22:00,,North Key Largo,Y,B,0.033,N,,T2205,,A-4,12,03.04.2020,14:48:00,15:22:00,,Plantation Key,N,,0.039,N,,T22,,B-1,12,03.04.2020,14:49:00,19:59:08,Y,Plantation Key,Y,C,0.038,N,,T2309,,B-2,12,03.04.2020,14:50:00,22:04:33,Y,Plantation Key,Y,C,0.033,N,,T2312,,A-3,12,03.04.2020,15:23:00,15:56:00,,Key Largo,Y,B,0.031,N,,T291,,A-4,12,03.04.2020,15:24:00,15:56:00,,North Key Largo,N,,0.082,Y,,T2142,,A-1,12,03.04.2020,15:57:00,16:29:00,,North Key Largo,Y,B,0.099,N,,T2131,,A-3,12,03.04.2020,15:58:00,18:46:49,Y,North Key Largo,Y,BC,0.036,N,,T2129,,A-4,12,03.04.2020,15:59:00,16:29:00,,North Key Largo,Y,B,0.038,N,,T2424,,A-1,13,03.05.2020,8:34:00,09:09:00,,North Key Largo,N,,0.09,Y,,T2355,,A-2,13,03.05.2020,8:35:00,09:09:00,,North Key Largo,Y,B,0.034,N,,T2204,,A-3,13,03.05.2020,8:36:00,10:40:00,,Plantation Key,Y,BC,0.037,N,,T215,,A-4,13,03.05.2020,8:37:00,09:09:00,,Key Largo,Y,B,0.046,N,,T227,,B-1,13,03.05.2020,8:38:00,09:09:00,,North Key Largo,N,,0.088,Y,,T2310,,B-2,13,03.05.2020,8:39:00,09:09:00,,Plantation Key,Y,B,0.044,N,,T2315,,A-1,13,03.05.2020,9:11:00,09:46:00,,Key Largo,Y,B,0.035,N,,T250,,A-2,13,03.05.2020,9:12:00,09:46:00,,Homestead,N,,0.049,N,,T2425,,A-4,13,03.05.2020,9:13:00,09:46:00,,North Key Largo,Y,B,0.042,N,,T2183,,B-1,13,03.05.2020,9:14:00,15:58:00,,Leesburg,Y,C,0.039,N,,T2392,,B-2,13,03.05.2020,9:15:00,09:46:00,,Plantation Key,N,,0.037,N,,T243,,B-3,13,03.05.2020,9:16:00,09:46:00,,Homestead,N,,0.067,Y,,T222,,A-1,13,03.05.2020,9:48:00,10:22:00,,North Key Largo,N,,0.046,N,,T2322,,A-2,13,03.05.2020,9:49:00,10:22:00,,North Key Largo,N,,0.047,M,,T241,,A-4,13,03.05.2020,9:50:00,10:22:00,,Homestead,N,,0.123,Y,,T2371,,B-2,13,03.05.2020,9:51:00,10:24:00,,Lake Placid,Y,CB,0.03,N,,T2345,,B-3,13,03.05.2020,9:52:00,10:22:00,,North Key Largo,N,,0.079,Y,,T2419,,A-1,13,03.05.2020,10:25:00,11:00:00,,North Key Largo,N,,0.041,N,,T211,,A-2,13,03.05.2020,10:26:00,11:28:00,,Key Largo,Y,C,0.049,N,,T2153,,A-4,13,03.05.2020,10:27:00,11:00:00,,Homestead,N,,0.029,N,,T2149,,B-2,13,03.05.2020,10:28:00,11:00:00,,North Key Largo,N,,0.09,N,,T257,,B-3,13,03.05.2020,10:29:00,11:00:00,,Lake Placid,N,,0.033,N,,T2437,,B-4,13,03.05.2020,10:30:00,11:00:00,,North Key Largo,N,,0.045,N,,T2236,,A-1,13,03.05.2020,11:01:00,11:38:00,,North Key Largo,Y,B,0.042,N,,T2400,,A-3,13,03.05.2020,11:02:00,11:38:00,,Key Largo,N,,0.045,N,,T2154,,A-4,13,03.05.2020,11:03:00,11:38:00,,Homestead,N,,0.029,N,,T290,,B-2,13,03.05.2020,11:05:00,15:45:00,,Gainesville,Y,BC,0.039,N,,T2217,,B-3,13,03.05.2020,11:06:00,11:38:00,,Key Largo,N,,0.098,Y,,T2326,,B-4,13,03.05.2020,11:07:00,11:38:00,,North Key Largo,N,,0.122,Y,,T24,,A-1,13,03.05.2020,12:49:00,13:25:00,,Plantation Key,N,,0.044,N,,T2358,,A-2,13,03.05.2020,12:50:00,13:25:00,,North Key Largo,N,,0.029,N,,T2140,,A-3,13,03.05.2020,12:51:00,22:05:20,Y,North Key Largo,Y,BC,0.1,Y,,T252,,A-4,13,03.05.2020,12:52:00,13:25:00,,Lake Placid,Y,B,0.039,N,,T2329,,B-3,13,03.05.2020,12:53:00,13:25:00,,North Key Largo,N,,0.085,Y,,T2394,,B-4,13,03.05.2020,12:54:00,13:25:00,,Plantation Key,Y,B,0.032,N,,T2100,,A-2,13,03.05.2020,13:28:00,16:08:00,,North Key Largo,Y,C,0.047,N,,T228,,A-4,13,03.05.2020,13:29:00,14:05:00,,North Key Largo,Y,B,0.035,N,,T2359,,A-1,13,03.05.2020,13:29:00,14:05:00,,North Key Largo,Y,B,0.031,N,,T2350,,B-3,13,03.05.2020,13:32:00,16:12:00,,North Key Largo,Y,BC,0.038,N,,T219,,B-4,13,03.05.2020,13:33:00,15:33:00,,Key Largo,Y,BC,0.045,N,,T2111,,A-1,13,03.05.2020,14:07:00,14:40:00,,Key Largo,N,,0.085,Y,,T2352,,A-4,13,03.05.2020,14:08:00,14:40:00,,North Key Largo,Y,B,0.033,N,,T2143,,A-1,13,03.05.2020,14:41:00,20:01:01,Y,North Key Largo,Y,C,0.035,N,,T230,,A-4,13,03.05.2020,14:42:00,15:01:00,,North Key Largo,N,,0.112,Y,,T2164,,A-4,13,03.05.2020,15:13:00,18:18:32,Y,Lake Placid,Y,BC,0.069,Y,,T299,,B-4,13,03.05.2020,15:44:00,16:17:00,,North Key Largo,N,,0.038,N,,T2137,,B-2,13,03.05.2020,15:45:00,16:17:00,,North Key Largo,Y,C,0.05,N,,T2382,,A-2,13,03.05.2020,16:18:00,17:09:00,,Plantation Key,Y,C,0.037,N,,T2229,,B-1,13,03.05.2020,16:19:00,17:09:00,,North Key Largo,N,,0.099,Y,,T2112,,B-2,13,03.05.2020,16:20:00,17:09:00,,Key Largo,N,,0.083,Y,,T2327,,B-3,13,03.05.2020,16:21:00,17:09:00,,North Key Largo,N,,0.08,Y,,T221,,B-4,13,03.05.2020,16:22:00,17:09:00,,North Key Largo,Y,B,0.044,N,,T2409,,A-1,14,03.06.2020,8:50:00,11:40:00,,Key Largo,Y,BC,0.04,N,,T2410,,A-2,14,03.06.2020,8:51:00,09:25:00,,Key Largo,Y,B,0.053,N,,T235,,A-3,14,03.06.2020,8:52:00,09:25:00,,North Key Largo,Y,B,0.05,N,,T2413,,A-4,14,03.06.2020,8:53:00,09:25:00,,North Key Largo,N,,0.056,N,,T2439,,B-1,14,03.06.2020,8:53:00,20:24:10,Y,North Key Largo,Y,C,0.04,N,BUG: flying in place throughout the reording; flying in place next day too,T256,,B-2,14,03.06.2020,8:54:00,16:21:00,,Lake Placid,Y,C,0.049,N,,T2304,,B-3,14,03.06.2020,8:54:00,09:25:00,,Plantation Key,N,,0.042,N,,T2240,,B-4,14,03.06.2020,8:55:00,14:30:00,,North Key Largo,Y,C,0.056,N,,T2403,,A-2,14,03.06.2020,9:27:00,19:44:17,Y,Plantation Key,Y,C,0.056,N,,T2202,,A-3,14,03.06.2020,9:28:00,10:00:00,,Plantation Key,N,,0.053,N,,T2237,,A-4,14,03.06.2020,9:29:00,10:00:00,,North Key Largo,N,,0.079,Y,,T2161,,B-3,14,03.06.2020,9:30:00,10:00:00,,Lake Placid,N,,0.088,Y,,T2438,,A-3,14,03.06.2020,10:01:00,11:40:00,,North Key Largo,Y,BC,0.072,Y,,T2411,,A-4,14,03.06.2020,10:02:00,10:35:00,,North Key Largo,N,,0.048,N,,T2224,,B-3,14,03.06.2020,10:03:00,10:35:00,,North Key Largo,N,,0.059,N,,T2306,,A-4,14,03.06.2020,10:37:00,11:09:00,,Plantation Key,Y,B,0.052,N,,T2151,,B-3,14,03.06.2020,10:38:00,10:50:00,Y,Homestead,Y,C,0.081,Y,,T2242,,A-4,14,03.06.2020,11:09:00,12:38:00,,North Key Largo,Y,C,0.046,N,,T297,,A-1,14,03.06.2020,11:42:00,12:15:00,,North Key Largo,N,,0.13,Y,,T2223,,A-3,14,03.06.2020,11:43:00,22:35:37,Y,North Key Largo,Y,BC,0.044,N,,T2318,,A-1,14,03.06.2020,12:16:00,12:48:00,,Key Largo,N,,0.062,Y,,T2208,,A-1,14,03.06.2020,12:51:00,13:23:00,,Plantation Key,Y,B,0.041,N,,T2384,,A-4,14,03.06.2020,12:52:00,13:23:00,,Plantation Key,Y,B,0.033,N,,T238,,A-1,14,03.06.2020,13:25:00,20:14:20,Y,North Key Largo,Y,C,0.042,N,,T2227,,A-4,14,03.06.2020,13:26:00,13:56:00,,North Key Largo,N,,0.112,Y,,T2159,,A-4,14,03.06.2020,13:58:00,20:51:00,Y,Homestead,Y,B,0.036,N,,T2216,,B-4,14,03.06.2020,14:30:00,15:01:00,,Key Largo,N,,0.046,N,,T2385,,B-4,14,03.06.2020,15:01:00,22:01:59,Y,Plantation Key,Y,BC,0.065,Y,,T2253,,A-1,15,03.09.2020,8:38:00,09:14:00,,Homestead,Y,B,0.084,Y,,T25,,A-2,15,03.09.2020,8:39:00,09:14:00,,Plantation Key,N,,0.1,Y,,T2390,,A-3,15,03.09.2020,8:39:00,09:14:00,,Plantation Key,N,,0.065,Y,,T2231,,A-4,15,03.09.2020,8:40:00,09:14:00,,North Key Largo,Y,B,0.039,N,,T2130,,B-1,15,03.09.2020,8:41:00,09:14:00,,North Key Largo,N,,0.054,Y,,T2268,,B-2,15,03.09.2020,8:41:00,15:51:00,,Lake Placid,Y,C,0.036,N,,T217,,B-3,15,03.09.2020,8:42:00,09:14:00,,Key Largo,Y,B,0.041,N,,T220,,B-4,15,03.09.2020,8:42:00,09:14:00,,Key Largo,N,,0.105,Y,,T2347,,A-1,15,03.09.2020,9:17:00,09:53:00,,North Key Largo,N,,0.056,N,,T2269,,A-2,15,03.09.2020,9:18:00,09:53:00,,Lake Placid,N,,0.08,Y,,T2431,,A-3,15,03.09.2020,9:19:00,09:53:00,,North Key Largo,N,,0.039,N,,T2228,,A-4,15,03.09.2020,9:20:00,10:31:00,,North Key Largo,Y,BC,0.041,N,,T225,,B-1,15,03.09.2020,9:21:00,10:36:00,,North Key Largo,Y,C,0.059,N,,T249,,B-3,15,03.09.2020,9:22:00,09:53:00,,Homestead,N,,0.051,N,,T287,,B-4,15,03.09.2020,9:23:00,09:53:00,,Gainesville,N,,0.037,N,,T2395,,A-1,15,03.09.2020,9:53:00,10:30:00,,Key Largo,N,,0.045,N,,T2428,,A-2,15,03.09.2020,9:54:00,10:30:00,,North Key Largo,N,,0.06,Y,,T2261,,A-3,15,03.09.2020,9:55:00,10:35:00,,Lake Placid,Y,C,0.042,N,,T2319,,B-3,15,03.09.2020,9:58:00,10:30:00,,Key Largo,Y,CB,0.065,Y,,T29,,B-4,15,03.09.2020,9:59:00,10:30:00,,Plantation Key,N,,0.049,N,,T2211,,A-1,15,03.09.2020,10:32:00,11:09:00,,Key Largo,N,,0.073,Y,,T2139,,A-2,15,03.09.2020,10:33:00,11:09:00,,North Key Largo,Y,B,0.035,N,,T2418,,A-4,15,03.09.2020,10:34:00,11:09:00,,North Key Largo,N,,0.043,N,,T2344,,A-3,15,03.09.2020,10:35:00,11:09:00,,North Key Largo,N,,0.033,N,BUG: times where fly in place ,T27,,B-1,15,03.09.2020,10:37:00,22:03:40,Y,Plantation Key,Y,C,0.105,Y,,T2147,,B-3,15,03.09.2020,10:38:00,21:27:59,Y,North Key Largo,Y,C,0.052,Y,,T2118,,B-4,15,03.09.2020,10:39:00,11:09:00,,Key Largo,N,,0.039,N,,T2434,,A-1,15,03.09.2020,11:11:00,11:46:00,,North Key Largo,Y,B,0.032,N,,T2313,,A-2,15,03.09.2020,11:12:00,11:46:00,,Key Largo,N,,0.032,N,,T2406,,A-3,15,03.09.2020,11:13:00,20:12:35,Y,Key Largo,Y,BC,0.035,N,,T2146,,A-4,15,03.09.2020,11:14:00,11:46:00,,North Key Largo,N,,0.027,N,,T2391,,B-4,15,03.09.2020,11:15:00,11:46:00,,Plantation Key,Y,B,0.055,N,,T2335,,A-1,15,03.09.2020,11:48:00,12:23:00,,North Key Largo,N,,0.038,N,BUG: paint on antennae - will never fly,T2120,,A-2,15,03.09.2020,11:49:00,12:23:00,,Key Largo,N,,0.032,N,,T2354,,A-4,15,03.09.2020,11:50:00,12:23:00,,North Key Largo,N,,0.031,N,,T2200,,B-4,15,03.09.2020,11:51:00,13:12:00,,Gainesville,Y,C,0.035,N,,T2311,,A-1,15,03.09.2020,12:23:00,12:58:00,,Key Largo,Y,B,0.035,N,,T2214,,A-2,15,03.09.2020,12:24:00,13:32:00,,Key Largo,Y,C,0.067,Y,,T2184,,A-4,15,03.09.2020,12:25:00,12:58:00,,Leesburg,N,,0.029,N,,T231,,A-1,15,03.09.2020,12:59:00,13:32:00,,North Key Largo,N,,0.075,Y,,T2213,,A-4,15,03.09.2020,13:00:00,13:32:00,,Key Largo,N,,0.044,N,,T2397,,A-1,15,03.09.2020,13:34:00,14:07:00,,Key Largo,N,,0.041,N,,T2221,,A-2,15,03.09.2020,13:35:00,14:07:00,,North Key Largo,N,,0.088,Y,,T2222,,A-4,15,03.09.2020,13:35:00,14:07:00,,North Key Largo,N,,0.128,Y,,T2323,,B-4,15,03.09.2020,13:36:00,14:41:00,,North Key Largo,Y,C,0.037,N,,T2110,,A-1,15,03.09.2020,14:07:00,14:41:00,,Plantation Key,Y,B,0.031,N,,T2432,,A-2,15,03.09.2020,14:08:00,14:43:00,,North Key Largo,Y,C,0.038,N,,T2330,,A-4,15,03.09.2020,14:09:00,14:41:00,,North Key Largo,N,,0.094,Y,,T2248,,A-1,15,03.09.2020,14:43:00,15:16:00,,North Key Largo,N,,0.048,N,,T2124,,A-2,15,03.09.2020,14:44:00,17:18:30,Y,North Key Largo,Y,BC,0.042,N,,T2339,,A-4,15,03.09.2020,14:45:00,15:16:00,,North Key Largo,N,,0.092,Y,,T224,,B-4,15,03.09.2020,14:46:00,15:16:00,,North Key Largo,Y,B,0.037,N,,T2135,,A-1,15,03.09.2020,15:18:00,15:52:00,,North Key Largo,N,,0.103,Y,,T2388,,A-4,15,03.09.2020,15:19:00,15:52:00,,Plantation Key,Y,B,0.049,N,,T2101,,B-4,15,03.09.2020,15:20:00,15:52:00,,Plantation Key,N,,0.064,Y,,T2293,,A-1,15,03.09.2020,15:54:00,16:28:00,,Gainesville,N,,0.04,N,,T2259,,A-4,15,03.09.2020,15:55:00,16:28:00,,Homestead,Y,B,0.029,N,,T2249,,B-2,15,03.09.2020,15:56:00,16:28:00,,North Key Largo,Y,B,0.039,N,,T263,,B-4,15,03.09.2020,15:57:00,16:28:00,,Lake Wales,N,,0.087,Y,,T2212,,A-1,15,03.09.2020,16:29:00,17:02:00,,Key Largo,N,,0.037,N,,T2104,,A-4,15,03.09.2020,16:30:00,17:02:00,,Plantation Key,N,,0.056,N,,T2188,,B-2,15,03.09.2020,16:31:00,17:02:00,,Leesburg,N,,0.052,Y,,T2360,,B-4,15,03.09.2020,16:32:00,17:02:00,,North Key Largo,N,,0.108,Y,,T21,,A-1,16,03.10.2020,8:02:00,08:36:00,,Plantation Key,Y,B,0.039,N,,T23,,A-2,16,03.10.2020,8:03:00,08:36:00,,Plantation Key,Y,B,0.046,N,,T2245,,A-3,16,03.10.2020,8:04:00,08:36:00,,North Key Largo,N,,0.034,N,,T2206,,A-4,16,03.10.2020,8:04:00,08:36:00,,Plantation Key,N,,0.033,N,,T2393,,B-1,16,03.10.2020,8:05:00,08:36:00,,Plantation Key,N,,0.096,Y,,T2169,,B-2,16,03.10.2020,8:05:00,11:13:00,,Lake Placid,Y,C,0.044,N,,T2267,,B-3,16,03.10.2020,8:06:00,08:36:00,,Lake Placid,N,,0.037,N,,T2343,,B-4,16,03.10.2020,8:06:00,08:36:00,,North Key Largo,Y,CB,0.041,N,,T271,,A-1,16,03.10.2020,8:38:00,09:58:00,,Leesburg,Y,C,0.031,N,,T2426,,A-2,16,03.10.2020,8:39:00,11:37:00,,North Key Largo,Y,BC,0.033,N,,T2324,,A-3,16,03.10.2020,8:40:00,22:02:52,Y,North Key Largo,Y,C,0.038,N,,T259,,A-4,16,03.10.2020,8:41:00,09:14:00,,Lake Placid,N,,0.075,Y,,T210,,B-1,16,03.10.2020,8:42:00,11:13:00,,Plantation Key,Y,C,0.051,N,,T2225,,B-3,16,03.10.2020,8:43:00,11:13:00,,North Key Largo,Y,C,0.033,N,,T2119,,B-4,16,03.10.2020,8:44:00,09:14:00,,Key Largo,Y,B,0.047,N,,T2156,,A-4,16,03.10.2020,9:15:00,09:47:00,,Homestead,N,,0.068,Y,,T253,,B-4,16,03.10.2020,9:16:00,11:37:00,,Lake Placid,Y,BC,0.067,N,,T248,,A-4,16,03.10.2020,9:48:00,10:18:00,,Homestead,N,,0.048,Y,,T2250,,A-1,16,03.10.2020,10:18:00,10:49:00,,North Key Largo,N,,0.041,N,,T2246,,A-4,16,03.10.2020,10:19:00,10:49:00,,North Key Largo,N,,0.137,Y,,T254,,A-1,16,03.10.2020,10:50:00,11:21:00,,Lake Placid,N,,0.072,Y,,T2210,,A-4,16,03.10.2020,10:51:00,11:40:00,,Plantation Key,Y,C,0.054,N,,T2401,,A-1,16,03.10.2020,11:21:00,11:56:00,,Plantation Key,N,,0.097,Y,,T2314,,B-1,16,03.10.2020,11:22:00,11:56:00,,Key Largo,N,,0.082,Y,,T2170,,B-2,16,03.10.2020,11:25:00,11:56:00,,Lake Placid,Y,B,0.046,N,,T2108,,B-3,16,03.10.2020,11:26:00,11:56:00,,Plantation Key,N,,0.051,N,,T2353,,A-1,16,03.10.2020,11:57:00,19:59:11,Y,North Key Largo,Y,C,0.038,N,,T2203,,A-2,16,03.10.2020,11:58:00,12:33:00,,Plantation Key,N,,0.047,N,,T2218,,A-4,16,03.10.2020,11:59:00,15:28:00,,Key Largo,Y,C,0.048,N,,T2247,,B-1,16,03.10.2020,12:00:00,12:33:00,,North Key Largo,Y,B,0.034,N,,T2258,,B-2,16,03.10.2020,12:01:00,12:33:00,,Homestead,Y,B,0.03,N,,T2342,,B-3,16,03.10.2020,12:02:00,12:33:00,,North Key Largo,N,,0.098,Y,,T2116,,B-4,16,03.10.2020,12:03:00,12:33:00,,Key Largo,Y,B,0.085,Y,,T214,,A-2,16,03.10.2020,13:06:00,13:40:00,,Key Largo,N,,0.029,N,,T26,,B-1,16,03.10.2020,13:07:00,23:29:29,Y,Plantation Key,Y,C,0.043,N,,T2201,,B-2,16,03.10.2020,13:08:00,13:40:00,,Plantation Key,N,,0.043,N,,T2115,,B-3,16,03.10.2020,13:09:00,13:40:00,,Key Largo,N,,0.083,Y,,T2420,,B-4,16,03.10.2020,13:10:00,13:40:00,,North Key Largo,N,,0.062,Y,,T2